,title,date,content
0,갤럭시 Z플립3 가격 과연쓸만한 폰일까?,2021.08.20.,조금이라도 폰에 대해 관심이 없었다면 Z플립2는 어디로 가고 플립3가 나온거야? 하고 반문할 수 있다. 당연한 의문이다. 필자도 처음엔 갸웃했으니 말이다. 원래 이름이라면 갤럭시Z 플립2 이어야한다. Z플립 5G 버전을...
1,갤럭시 버즈2 Z 플립3 케이스 커버 개봉기,4일 전,이번에 새로 출시한 갤럭시 Z 폴드3와 Z 플립3 모두 역대급 판매량을 기록하면서 버즈2와 워치4에 대한 인기에... 그라파이트 이어버드 + 블랙 Z플립 3 케이스 커버 조합이라 이런식으로 표현 되는데 굉장히 잘 어울리는...
2,갤럭시 z플립3 사전예약 현장 가보니 대세는 이것?,2021.08.17.,Galaxy Z Flip3 사전예약 신청 바로가기! 솔직히 말해서 이번 갤럭시 z플립3 사전예약 기간에 가장 매력적인 모델은 라벤더 컬러에 256GB 용량 제품이었습니다. 제가 2세대 플립을 구매하지 않은 가장 큰 이유가 1세대에...
3,접고펴는 갤럭시 z플립3 라벤더 색상! 가격은?,11시간 전,"요즘 핫한 갤럭시 z플립3! 통신사 지원금이 처음부터 놀라울 정도로 컸습니다. 가격 부담 없이 많은 분들이... 폴더3과 살짝 고민을 했지만, 저 역시 플립3을 선택했습니다. 개봉기부터 디자인, 기능 등 다양한 리뷰..."
4,직접 보니 心하네↗ 갤럭시 Z폴드3 & 플립3 인기컬러와 품목은? (이마트 트레이더스 매장),7일 전,"ㅎㅎ 지난 주말에 사전예약 중인 갤럭시 Z 폴드3와 플립3, 그리고 버즈2와 갤럭시워치4까지 열심히 만져보고... z플립3의 물량이 더 많았던 듯하고 아무래도 합리적인 가격대에 들어있으니까요. 아마 출시 이후 자주 보게..."
5,갤럭시Z 플립3 사전예약 할까? 출시일 기다릴까? 갤럭시제트플립3 5G 스펙 디자인,2021.08.12.,출시했던 플립폰 중 갤럭시Z플립3는 가장 최신형 폴더블폰 일 뿐 아니라 다양한 부분에서 새로운 폴더블폰의 모습을 보여주고 있다. 갤럭시Z Flip3 5G의 주요 스펙부터 살펴보자. 모델 갤럭시Z 플립3 5G (Galaxy Z Flip3 5G) AP...
6,갤럭시 z플립3 개봉기 사전예약 색상 가격 혜택,2021.08.22.,Galaxy Z Flip3 색상 갤럭시 z플립3 색상은 총 7가지가 있는데요. SKT를 통해서 출시되는 컬러는 4가지입니다.... 외형적 특징 팬텀 블랙은 전작인 플립2와 마찬가지로 무광 헤이즈 마감 처리가 되어 있습니다. 전후면 모두...
7,갤럭시 z플립3 자급제 & 케이스,2일 전,웃긴 게 폰 다 보고 나서 접지도 않고 펼쳐 두면서 그냥 들여다볼 때는 갤럭시 Z플립3 안 접을 상황에서도 접고 본다. 그리고 예전에 스마트폰 이전의 그 플립폰을 생각하면 안 됨. 뭐가? 열어 올릴 때 손가락 튕기다시피...
8,삼성 갤럭시 Z플립3의 공식 자료 등장소식 및 해설.,2021.08.07.,"먼저 갤럭시 Z플립3의 공식 포스터 입니다. 다들 아시다시피 플립 시리즈는 클렘쉘 형태의 폴더블 스마트폰이며, 기존 바형 스마트폰의 형태와 유사하지만 이를 반으로 접는 컨셉의 스마트폰으로 생각하시면 됩니다...."
9,갤럭시 Z플립3 언팩에서 밝혀진 기능과 가격 사전예약은?,2021.08.11.,디자인이 가지고 있는 여러 가지 매력 아마 1세대 플립을 사용했던 분들의 분만이었던 것은 디스플레이의 접히는 부분에 곡률이 생기면서 내구성이 떨어진다는 평을 받았다면 신작으로 선보인 갤럭시 Z플립 3의 경우...
10,갤럭시 z플립3 스펙 및 실사용기 바뀐 점과 아쉬운 점.,2021.08.16.,"갤럭시 z플립3가 발표된지도 며칠이 지났습니다. 지인들을 쭉 지켜보니 Fold3보다 플립3에 관심이 더 많더군요. 아무래도 접근하기 좋은 가격과 예쁜 디자인이 한몫을 하지 않았나 싶습니다. 사진은 그린, 크림 색상..."
11,V40에서 Z플립 LTE 으로 갈아타면 ...,어제,"V40에서 Z플립 LTE 으로 갈아타면 ... 업그레이드 까진 아니고, 옆그레이드인가요? 득보다 실인지 .. 의견... (최적화, 초기화 해도 체감상 요즘폰보다 확실히 느리게 느껴져요) 제가 아는 바로는 V40과 Z플립 LTE 의..."
12,KT 갤럭시 Z플립3 라벤더색상 사전예약 및 출시 일정!,2021.08.20.,갤럭시 Z플립3 라벤더색상을 만나보다 KT 사전예약 및 출시 일정! 사진. 글. 영상 @비주언니 갤럭시 Z플립3 사전예약 보러가기 (KT Shop) 안녕하세요. 비주입니다...^^ TV 광고에서 보셔서 알고 계실거에요. 삼성전자 갤럭시 Z...
13,"삼성 갤럭시Z플립3 그린 간단후기, 갤럭시 투고로 본 새 폴더블폰",2021.08.17.,"삼성 갤럭시Z플립3 그린 간단후기, 갤럭시 투고로 본 새 폴더블폰 안녕하세요? 태스입니다 삼성전자가 이번 하반기 플래그쉽 폰으로 공개한 갤럭시Z폴드3와 플립3는, 갤럭시 노트시리즈를 대체하여 출시할 만큼 삼성이..."
14,갤럭시 z플립3 실물 및 간단 사용기! 사전예약은 필수!,2021.08.19.,삼성의 갤럭시 z플립3 실물을 만져볼 수 있는 기회가 생겨 사진도 촬영하고 간단하게 사용해본 느낌과... 그럼 화면을 접는 방식을 가지고 있는 Galaxy Z Flip3는 어떨까요? 평평한 디스플레이가 아니라 120Hz 주사율 적용은...
15,갤럭시 z플립3 사전예약 진행중,2021.08.16.,갤럭시 z플립3 사전예약 진행중 안녕하세요 갤럭시 z플립3 사전예약 어디서 구매를 해야지 우리가 안전하고 좋은조건으로 갤럭시 z플립3를 구매를 할수 있을까요? 바로 가격도 가격이지만은 무엇보다도 오래된 전통 있는...
16,갤럭시 Z플립3 가격 혜택과 사전예약 알아보기!,2021.08.23.,갤럭시 Z 시리즈 중에서 가장 생생하면서도 밝고 부드럽게 전환되는 디스플레이가 탄생되었다고 하니... 외에도 Z플립의 좋아진 기능에는 굉장히 많이 있었는데요 먼저 갤럭시 하면 카메라 화질이 생각나는데요 사실 플립...
17,Z 플립3,2021.08.13.,사용중이고 노트 시리즈만 썼는데 노트 단종설이 있고 다른 시리즈에서 펜이 나오는 이상 노트를 고집할 필요가 없어 Z플립 3으로 구입할까 싶어요. 근데 궁금한 점이 있어요. 혹시 Z플립 3도 LTE 유심 인식할까요?
18,갤럭시 Z플립3 사전예약 가격 할인 미리미리,2021.08.17.,커다란 발전과 함께 파격적으로 다가오는 플립이 상용화가 될 날도 머지 않은 것 같네요. 제품 출시일은 8월27일이니 늦지 않게 사전 예약 하는 편이 좋겠어요! 갤럭시Z플립3 사전예약과 사은품알아보기(클릭)
19,[스마트폰] 삼성 갤럭시Z 플립3 언박싱 후기,2021.08.16.,"진짜 역대급으로 나온 스마트폰, 삼성 갤럭시Z 플립3 언박싱 후기 함께 공개된 삼성 갤럭시Z 폴드3가 기대 이하의 스펙을 보여 줌에 따라 많은 분들이 자연스럽게 함께 공개된 삼성 갤럭시Z 플립3에 많은 분들이 관심을..."
20,4. 210825_Z플립3과 46mm 워치 클래식(+210829 추가),6일 전,"Z플립3 Z플립 발열은 아직은 크게 안 느껴지고 아무것도 안 할 때, 가운데 줄이 거슬렸는데 핸드폰 쓰다 보면 괜찮다. 처음에 초기 설정이랑 업데이트할 때 배터리가 미친 듯 빠르게 닳았지만 이제 조금 괜찮아진 듯 하지만..."
21,갤럭시 z플립 가격 사전예약 할인하네요,2021.08.19.,갤럭시 z플립 가격 사전예약 할인하네요 이번에 알아두시면 여러모로 도움이 되는 정보라고 생각해서 안내를 해드리니 참고를 해두셨다가 필요할때 언제든지 사용을 하시면 되는데 어려운거 없이 쉽게 갤럭시 z플립 가격...
22,갤럭시Z플립3 크림 언박싱! 실제로 만나본 특징들,5일 전,"갤럭시Z플립3 크림 컬러를 구매를 하였고 드디어 도착을 했습니다. 기존에 1세대를 사용했었고, 너무... 갤럭시z플립3 크림 디자인이 정말 예쁘죠! 사전예약 전에 라벤더와 크림컬러 두 가지 중 어떤 것을 선택할지..."
23,갤럭시Z플립3가 갤럭시Z폴드3보다 많이 팔렸네요,2021.08.19.,"갤럭시Z시리즈 사전예약 판매량 조사 결과 나왔는데 갤럭시Z플립3가 갤럭시Z폴드3보다 많이 팔렸네요 그리고 갤럭시Z플립3 색상은 크림이 1위, 라벤더가 2위, 팬텀 블랙이 3위를 차지했고 연령별로 보면 갤럭시Z플립3..."
24,갤럭시 z플립3 사전예약 가격할인에 사은품까지 먼저써본 후기,2021.08.17.,왜냐하면 최고의 플립폰이기 때문입니다. 삼성짱!! 갤럭시 z플립2 가아닌 이유는? 기술적으로 이것은 갤럭시 z플립 에 이어 갤럭시 z플립 5G가 나왔기 때문에 이것은 세 번째 갤럭시 z플립3 입니다. 자연스럽게...
25,갤럭시z플립3 가격 스펙 사전예약 한눈에 보기,2021.08.20.,오늘 준비한 것은 #갤럭시z플립3 가격과 스펙이다. 강경갤럭시파여 단결하라 원래 이 시기에는 Z 시리즈도 등장은 하지만 그보다는 노트 시리즈가 한창 등장할 무렵이다. 대표적인 플래그십 중 하나인 노트 라인은...
26,갤럭시 Z플립 내구성과 액정무료수리 조건은?,2021.08.23.,작년 10월달에 갤럭시 Z플립 LTE 버전을 구입했습니다. Z플립3 (LTE->5G->현재)이 나온 지금도 Z플립은 참으로 예쁩니다. 당시 Z플립을 사고 리뷰를 하지 않았는데 지금 간략하게 말하자면 예쁜게 다인 약한 핸드폰이라는게 제...
27,갤럭시 Z 폴드3·플립3 장·단점 살펴보기,7일 전,"‘갤럭시 Z 폴드3’•‘갤럭시 Z 플립3’는 8월 27일 한국, 미국, 유럽을 시작으로 전 세계에 순차적으로 출시됩니다. 삼성 스마트폰 중에서도 가격대가 높은 편이예요. 256GB 모델 기준 갤럭시Z플립3은 125만4000원..."
28,갤럭시 Z 플립3 삼성 폴더블폰3 시리즈 가격 부터 색상 기능 까지 선택의 이유!,5일 전,"삼성은 이에 굴하지 않고 1세대에서 겪었던 피드백들을 발판 삼아 그다음 세대인 갤럭시 Z 폴드2, 갤럭시 Z... 울트라 플립 카메라는 삼성 폴더블폰3 시리즈 모두 과도한 무게나 기타 여러 이유로 아직까진 울트라..."
29,갤럭시 Z폴드3/Z플립3 사전예약 사은품 신청 방법,2021.08.21.,"포함된 플립커버, 그리고 삼성 케어+ 1년권이 포함되어 있습니다. Z플립3는 동일하게 갤럭시 버즈2와 삼성... 여기에 들어오니 Galaxy Z Fold3 / Z Flip3 5G 사전예약 사은품 신청 배너가 있네요!! 이렇게 숨겨놓다니!! 얼른..."
30,갤럭시 Z 플립 3 자급제 구매한다면 알뜰폰 kt M 모바일 어때?,5일 전,아이폰 유저들의 마음까지 흔들리게 만든 갤럭시 z플립 3가 이번 8월 27일 출시와 함께 사전예약 소식도... 갤럭시 Z플립 3 구매를 고려한다면 아마도 약정이 끝날 타이밍이라 생각하는데요. 개인적으로도 통신사와 최소...
31,갤럭시 z플립3 기기변경 그리고 번호이동,7일 전,갤럭시 z플립3 구매 예정이신 분들은 갤럭시 z플립3 기기변경 그리고 번호이동 이 둘 중에 고민하고 계실텐데요 정리해드리겠습니다! 그리고 할인 방법까지 공유 드릴게요~~ 먼저 갤럭시 z플립3 기기변경 으로 구매를 할...
32,아이폰에서 갤럭시 z플립3로 교체한 이유와 3가지 단점,6일 전,갤럭시 z플립3를 직접 사용하면서 아이폰으로 교체를 결정한 이유는 다년간 사용하면서 느낀 감성을 이번 플립에서도 느낄 수 있었다는 점이 크다. 커버 디스플레이의 확장으로 삼성 페이나 GiF 활용으로 재미를...
33,갤럭시 z플립3 사전예약 출시일 소식 정리,2021.08.17.,갤럭시 z플립3 사전예약을 생각하고 있는 분들은 콤팩트한 사이즈에 매력을 느끼고 있는 분들이 많다. 전작을 보더라도 플립의 작아지는 부피에 만족하는 유저들이 많았다. 이번 새로운 스마트폰에도 아이덴티티는...
34,갤럭시 z플립3 사전예약 사은품 끌리네요,2021.08.19.,갤럭시 z플립3 사전예약 혜택 갤럭시 z플립3 사전예약 하면 갤럭시버즈2가 증정됩니다! 가장 구미가 당기는 부분이기도 합니다!! 삼성케어 서비스 파손 보장형 1년 권도 서비스로 제공되네요! 그리고 플립 커버와 링...
35,삼성 갤럭시 언팩 2021에서 공개된 갤럭시 Z 폴드3& Z 플립3 총정리! (+전자랜드 사전예약까지!),2021.08.12.,갤럭시 Z 폴드3와 플립3에 관심이 생겼다면 꼭 사전예약 구매하시길 바랍니다. 삼성전자에서 제공하는 사은품 외에도 전자랜드만의 특별한 혜택들도 준비되어 있으니까요! Z 폴드3는 크게 펼칠 수 있는 화면이...
36,기다리던 갤럭시z플립3 사전예약 어디에서?,2021.08.07.,"탑클폰에서 갤럭시z플립3 사전예약을 하신다면 부족함 없는 다양한 혜택들을 누려보실 수 있는데요. 플립3과 폴드3 특별 할인가로 구매할 수 있는 기회와 버즈 프로, 갤럭시워치, 게이밍 모니터, 발마사지기 등 선택의..."
37,갤럭시 z플립 3 커버화면 설정 빠르고 간단하게 삼성페이까지,4일 전,나온 플립3 뿐만아니라 1과 2도 커버화면이 있었죠! 그런데 세번째 버전인 갤럭시 z플립3의 경우에는 커버화면이 전 버전보다 크고 설정값과 기능이 많습니다 먼저 커버화면이라 하면 지금 보이는 까만 하단부 화면을...
38,갤럭시 Z플립3 사전예약 살펴볼까,2021.08.17.,접어서도 스마트하게 전작과 다른 차원이 갤럭시 Z플립3 갤럭시 Z플립은 최초로 탄생한 폴더블 스마트폰이다. 그러나 갤럭시 Z플립 2세대까지는 인폴딩 구조의 접히는 디스플레이에 신경을 쓴 나머지 편리성 및 기능...
39,"방수부터 S펜, UDC까지 싹 털렸다! 갤럭시 Z 폴드 3 & Z 플립 3 스펙 미리보기",2021.08.09.,"언팩을 며칠 앞두고, 갤럭시 Z 폴드 3와 Z플립 3의 스펙시트가 탈탈 털려 버렸습니다. 먼저 Z 폴드 3부터 한번 살펴보자면요, AP는 스냅드래곤 888, 램용량 12기가, 그리고 본체 저장공간은 256GB / 512GB 2개 모델로..."
40,KT 갤럭시 Z플립3 폴더블폰 실제 사용기 및 KT요금제,2021.08.23.,"갤럭시 Z폴드3를 사전예약 구매하신 분들에게는 Fold 전용 S팬과 플립 커버를 드리며, 갤럭시 Z플립3 사전예약 구매하신 분들에게는 케이스 3종 중 택 1, 럭키박스를 전원에게 증정합니다. 그리고 사전예약 구매자, 정식..."
41,"갤럭시 Z 플립 3 5G 자급제 내돈내산 후기 리뷰 / 사전예약, 팬텀블랙",7일 전,"필름을 벗긴 갤럭시 Z플립 3의 모습 가운데는 접히는 부분이라 선같은게 보이는데, 실제로 만질시에 크게... 갤럭시 Z플립3를 접었을때 모습 주머니나 가방에 쏙 넣어 다니기 좋은 사이즈입니다. 전작대비 확연히 넓어진..."
42,"갤럭시 z플립 무선충전거치대, 애플 아이폰 삼성 갤럭시 다 덤벼! 5in1이니까!",4일 전,이번에 구입한 갤럭시 z플립도 접은 상태에서 잘 충전이 되며.. 편 상태에서도 충전이 당연히 되겠죠.^^* 아이폰 12PRO 도 충전... 갤럭시 노트 20 울트라도 충전 중.. 당연히 옆으로도 충전이 되어 상황에 따라서 충전하면서...
43,갤럭시 Z플립3 자급제 하려고요,2021.08.16.,"수심 1.5M에서 30분간 방수되는 수치로 기존 모델과는 더 견고한 플립이 되겠네요. 스펙 갤럭시 Z플립3 AP : 퀄컴 스냅드래곤 888 8GB 램 / 256GB 저장용량 무게 183g, 배터리 3300mAh 스테레오.돌비 애크모스 유선충전 15W, 무선..."
44,갤럭시 Z플립3 케이스 렌더링 디자인 이미지,2021.08.11.,s=20 갤럭시 Z플립 공식 케이스 렌더링 이미지 사진 사진출처 www.sammobile.com 마지막에 플립이라고 적혀있는 주황색 고리 케이스 존예 스마트폰에 크~게 기대하는것없이 이쁘고 작고 전화통화 문자 카톡...
45,"삼성 z플립 3 교통카드,화면분할 사용법",4일 전,너무나도 예쁜 삼성 갤럭시 z플립3 매일 매일 봐도봐도 너무 예뻐요. 삼성페이도 잘 쓰고 있고 어제부터는 교통카드 쓰는 법도 터득해서 잘 사용하고 있어요. 분할화면도 사용하기 좋은 것 같아요. 우측 화면 측면에 작은...
46,갤럭시Z플립3 사전예약 사은품 갤럭시워치4,2021.08.21.,갤럭시Z플립3 와 갤럭시Z폴드3 가 선풍적인 인기를 끌면서 갤럭시노트 시리즈가 빠진 라인업이 무색할 정도로 많은 사전예약 접수현황을 보이고 있습니다. 이번 갤럭시Z플립3 사전예약 사은품으로 온라인쇼핑몰...
47,갤럭시 z플립 lte 한자리 숫자로 구매 가능하네요!,어제,"갤럭시 z플립 lte은 1세대로 출시한, 플립형 스마트폰이라 보시면 좋습니다. 갤럭시 z플립 lte은 요즘에 나오는것과 다르게, 5G 네트워크망이 아니라, 비교적 저렴하다고 알려진 4G 네트워크망을 사용하는 기종입니다...."
48,"SK텔레콤 사전예약 정보, 갤럭시Z폴드3, 플립3 5G",2021.08.14.,"갤럭시Z플립 3 5G는 팬텀 블랙, 크림, 라벤더, 그린으로 출시가 되었고 용량은 256GB입니다. 가끔 어떤 분들이 폴드나 플립을 구매할지에 대해서 궁금했던 적이 있는데요. 폴드는 30~40대 골프나 쇼핑에 관심이 많은..."
49,갤럭시Z플립3 렌더링 유출...이전과 다른 점은?,2021.06.30.,갤럭시Z플립3 렌더링 이미지가 나타났다. 인도매체 기즈넥스트(GizNext)가 삼성전자의 폴더블폰 갤럭시Z플립3 렌더링 이미지를 다수 공개했다. 공개한 이미지를 보면 전체적인 외관을 쉽게 확인할 수 있다. 투톤으로...
50,갤럭시 z 플립3 커버 디스플레이 화면 gif 사진들,3일 전,"스마트폰이 큰 걸 안 좋아하는 사람은 플립 스타일을, 더 큰 걸 좋아하는 사람은 폴드 스타일로 갈 거 같다. 플립 스타일은 접어서 주머니에 넣고 다니기 편하고 폴드 같은 경우는 펼치면 갤럭시 탭 같이 커져서 영상..."
51,갤럭시 Z플립3 출시일 임박! 가격과 사전예약 톺아보기,2021.06.29.,"갤럭시폴드에 이어 한 손에 쏙 들어오는 컴팩트한 크기로 인기를 끌었던 플립2의 후속, 갤럭시 Z플립3의 출시일이 이제 한 달 앞으로 임박했습니다. 확실한 건 두 기종이 넘버링을 맞춰서 같이 공개된다는 점인데요...."
52,[민팃 추가보상] 갤럭시z폴드3 & 갤럭시z플립3 구매는 여기서!,2021.08.23.,"#민팃추가보상 #갤럭시z폴드3 #갤럭시z플립3 #민팃중고폰 글/사진/영상 최욱진 갤럭시z폴드3 & 갤럭시z플립3... 대표적으로 갤럭시 Z 폴드, Z 플립, 노트10+(512GB), S10+(512GB), LG V70, V50 등 민팃 시세에 따라 Z 폴드 A급 같은..."
53,z플립 개통관련 (기존폰 공시지원금 남음),7일 전,상태) z플립을 일렉에서 자급제로 구매해서 오늘 받으러갑니다. 기존폰 유심만 바꿔끼워도 개통이 되나요?? 질문2) 기존폰에 남은 공시지원금이나 요금제는 그대로 z플립으로 넘어가나요?? 질문3) 유심바꿔 끼운후...
54,"갤럭시 Z 폴드 3, Z 플립 3 공개",2021.08.12.,"Fold3 | Z Flip3 5G: Introduction Film | Samsung) 그 외에도 여러 가지 새로운 기능이 탑재되었지만, 여전히 비싼 가격은 보급의 걸림돌이 될 것으로 보입니다. 그나마 플립이 접근성이 좀..."
55,"자급제 갤럭시 z플립3 사전예약, 쿠팡 12% 카드 추가할인 + 로켓배송까지",2021.08.20.,"이번에 삼성 언팩 때 공개된 폴더블 폰들 중에서 가장 좋은 평가를 받고 있는 스마트폰은 다름 아닌 갤럭시 z플립3이라고 한다. 실제로 네이버 검색량도 폴드3보다는 플립3 스마트폰이 더욱 많으며, 역대급 가성비로 꼽힐..."
56,갤럭시 Z플립3 Z폴드3 민팃 중고폰 ATM에서 추가 보상받는 꿀팁!,3일 전,"요 글 클릭하신 분들은 갤럭시 플립3와 폴드3를 구매하신 분들일 겁니다. 저도 이번에 갤럭시 폴드3를 구매했어요~ 이번 갤럭시 Z플립3, 폴드3를 구매하시면서 사용하던 중고폰 반납하여 짭짤한 추가 보상을 민팃으로..."
57,z플립3 보호필름 z플립3전신보호필름 무광 필름 전주z플립3보호필름 부착 폴더3,5일 전,안녕하세요 전주 z플립 보호필름 부착 전문점 아이폰마켓 전주점입니다 드디어 z플립3 모델이 출시가 되었습니다 ㅎㅎ z플립3 모델은 단말기 값이 상대적으로 저렴해지고 디자인적으로 발전해서 출고가 많이 되는것...
58,갤럭시Z플립3 다음모델에서 채택할까? 회전 카메라 특허,2021.07.24.,"회전 카메라 특허는 아직 특허 공개 수준이기도 하며, 채택하기 위해서는 디자인적인 요소를 포기해야 하기에 갤럭시Z플립4에 채택 될 가능성도 상당히 낮아보이기도 하는데요. 혹은 플립이 아닌 다른 시리즈를 만들어서..."
59,"삼성 폴더블폰 판매량 기대이상! 갤럭시Z 폴드3는 남성, 갤럭시Z 플립3는 여성!",4일 전,"삼성전자의 신형 폴더블 스마트폰 2종, 갤럭시Z 폴드3와 플립3가 사전예약을 마치고, 8월 24일부터 본격... 폴드3 VS 플립3 앞서 살펴봤던 조사결과는 공식 사전예약이 진행되기 전, 8월 12일 부터 17일까지 사전 희망자를..."
60,210819. 갤럭시z 플립 3 사전예약 풀림.,2021.08.19.,갤럭시 z플립 3 케이스도 사전예약을 받고 있는데 나는 이런 데코 종류는 좀 특이한걸 선호해서 아마존에서 찾아보기로 한다. 이 디자인이 산뜻한 느낌이 있어 제일 마음에 들었는데 이건 국내에도 판매하고 있으니 굳이...
61,"갤럭시 z플립3 공개, 톰브라운 에디션 디자인, 스펙, 가격, 출시일은?",2021.08.10.,오늘은 갤럭시 z플립 이야기를 해보려 합니다. 삼성 언팩행사에서 드디어 폴드와 플립이 공개가 되었습니다. 그러다보니 어떤 장점과 매력이 존재를 할지 기대를 해보고 있는데요. 특히나 중요하게 생각하는...
62,[삼성] z플립3 z플립1 비교,3일 전,삼성 z플립3가 출시됐다 나는 z플립1 유저이고 z플립3 유저인 일행을 만나 비교를 해봤다 Galaxy Z Flip3 5G 1.... #삼전 #삼성전자 #z플립 #z플립3 #제트플립 #비교 #리뷰 #사용기 #언박싱 #추천 #케이스 #스펙 #카메라 #스피커...
63,갤럭시Z 플립3 플립과 달라진 기능 및 사전예약 알아보기,2021.08.12.,과연 어떤 새로운 모습들이 있는지 이전 플립과 달라진 점도 함께 정리해보았습니다. 디자인 기존 형태는... 디스플레이의 경우 Z 시리즈에서 가장 튼튼한 Corning사의 Victus를 탑재했는데요. 유연성과 내구성을 동시에...
64,"삼성전자, IPX8 방수 지원하는 폴더블 스마트폰 갤럭시 Z 폴드 3 / 갤럭시 Z 플립 3 출시 (스펙과 가격 정리)",어제,"갤럭시 Z 플립 2가 아닌 갤럭시 Z 플립 3로 출시된 이유는 폴드와 플립의 숫자 맞추기로 보입니다. 두 제품 모두 폴더블 스마트폰에 IPX8 등급의 방수가 적용되어 기존 갤럭시 Z 폴드, 갤럭시 Z 플립의..."
65,작은 사과농장주의 갤럭시 z플립 3 사전예약 구매기!,7일 전,"바로 갤럭시 z플립 3 다!!! 참고로 가전제품(냉장고, 티비, 세탁기, 에어컨) 모두 삼성임. (애플, 삼성 둘다... 애플넘들이,,, 물 흐렸네 나는 플립 1부터 갖고싶었는데.. 이제서야 구매를 하게 됐다. 근데 고민했던게 아무래도..."
66,갤럭시z플립3 -라벤더색상 /사전예약,6일 전,8월 19일 갤럭시z플립3 사전 예약을 하고 받을날만 기다렸다 대리점에서 어제 연락을 받고 출동~~ 라벤더... 갤럭시플립 3 도 사진 찍는걸 좋아하는 나에겐 딱인것 같다 몬스테라 잎을 한번 찍어봤다 선명하게 잘 나온다...
67,폴더블폰 갤럭시Z폴더3와 갤럭시Z플립3,6일 전,롯데월드몰 전자매장인 하이마트에 들러 #갤럭시Z폴더3와 #갤럭시Z플립3를 보았는데요. 갤럭시Z폴더3는 접힌... 갤럭시워치4 갤럭시 Z플립3는 화면이 반으로 접혀 휴대성도 좋고 폰화면 보호 기능도 높아지고 카메라...
68,비버남편의 기타기록 - 갤럭시 Z플립3,6일 전,#갤럭시 Z플립3 #삼성핸드폰 #삼성 #갤럭시 #플립 #Z플립 #ㅋ플립3 #플립3 #폴더블 #폴더블폰 #사은품신청 #갤럭시Z플립3사용기 #갤럭시Z플립3리뷰 #갤럭시Z플립3언박싱 ■ 삼성 갤럭시 Z플립3 1. 기 기 명 : Z플립3 2. 사용시기...
69,갤럭시 z플립3 카메라 - 사진 동영상 찍어봤어요~,7일 전,"갤럭시 z플립3 카메라 - 사진 동영상 찍어봤어요~ 맑은피부에요~ 어제 수령하고 갤럭시 z플립3 카메라 기능 궁금해서 사진, 동영상 마구마구 찍어봤답니다~ 막 찍은거니 느낌만 봐주시면 좋을 것 같아요~ 기본 카메라..."
70,삼성 갤럭시Z 플립3 정품 케이스 커버 색상과 가격 총정리!,2021.08.19.,"반응형 스마트폰은 보통 케이스 없이 사용할 때 가장 깔끔하지만, 저와 같이 물건을 잘 떨어트리는 쫄보는 반드시 커버가 필요합니다. 그래서 이번 포스팅에서는 최근 큰 관심을 받는 삼성 갤럭시Z 플립3을 안전하게..."
71,갤럭시Z플립3 랑 갤럭시워치4 모두 사전예약 했어요~,2021.08.23.,갤럭시 Z플립3까지 다 예약을 했으니 평소에 신제품에 관심 많은 분들에겐 엄청 인기가 아니었을까 싶어요. 원래 오늘까지 사전예약 기간이었는데 갤럭시워치4는 벌써 조기마감됐더라고요. 갤럭시Z플립3 역시 일반 컬러의...
72,z플립 하드웨어가 노트20이나 s21보다 안좋죠?,2021.08.13.,제목에는 간략한 질문내용 표시 사용기종 : 질문내용 : (구체적으로): z플립3 하드웨어가 플래그쉽 s21울트라나 노트20 대비 어떤가요? 카메라 성능이나 하드웨어 적으로 그리고 플립 사용하기 어떤가요..? 불편하려나요
73,갤럭시 z플립 자급제 색상 할인하네영,2021.08.03.,이번에 많은 분들이 갤럭시 z플립 자급제 구입을 하려고 가격 정보를 찾아보셔서 가장 간단히 알려드릴게요 ▶ 갤럭시 z플립 공식최저가 자동적용! [클릭] 처음부터 정확히 알아두시고 여러가지로 비교를 해보시면 도움이...
74,z플립 사전예약 구매^^,5일 전,와이프와 이번에도 역시 커플 폰으로 .z플립3 를 구매했습니다 빠른 개통 도와주셔서 감사합니다 사은품도... 핸드폰은 역시 수호! 아 z플립3 생각보다 더 좋은것같네요 와이프도 예쁘다고 맘에들어하니 더 좋습니다^^
75,갤럭시 z플립2 또는 갤럭시s21,2021.08.22.,페이스 아이디 때문에 갤럭시로 갈아탈려고 합니다 (갤럭시s10플러스는 있지만 잠시 서랍속에 있습니다 그런데 z플립3은 저희누나가 사전예약해서 똑같은 폰아닌 한단계인 z플립 2이나 갤럭시s21로 갈아탈까...
76,Z플립 3 옆동네에서도 난리네요,6일 전,옆동네에도 플립3 도착인증 글들이 속속 올라오고 있네요 대체적으로 이쁘다는 반응인것 같아요 세컨폰으로 구입하셨던 분들도 보이시고 p.s 아이폰 갤럭시 모두 좋은폰입니다.
77,아이폰에서 z플립 기변,2021.08.14.,"이번에 z플립3로 넘어가 볼까 합니다 1. 기존 아이폰 24개월 선약 끝. 추가 12개월 선약에서 4개월 남음, 핸드폰 36개월 할부에서 4개월 남음 2. 위와 같은 상황에서 z플립3 자급제 구매하면 4개월 동안은 기존 유심..."
78,갤럭시 z플립3 사전예약 성지가격은,2021.08.18.,갤럭시 z플립3 사전예약 성지가격은 안녕하세요 드디어 갤럭시 z플립3가 공식 사전예약을 시작을 하였습니다 그럼 어디서 사전예약을 해야지 조금더 저렴한 조건으로 사전예약을 할수가 있는가에 대해서 한번...
79,갤럭시 z플립 자급제 가격 할인,2021.08.01.,갤럭시 z플립 자급제 가격 할인 좋은 제품을 저렴하게 살수 있는 정보는 누구나 좋아할거 같은데 이번 기회에 간단히 가격을 알아보실수 있도록 편리하게 알려드리니 갤럭시 z플립 확실히 알아두면 좋아요 ▶ 갤럭시 z플립...
80,z플립3 얼굴인식 저만 인식을 잘 못하나요 ? ? ?,6일 전,사용기종 : z플립 3 질문내용 : (구체적으로): 제목내용 그대로 얼굴인식 인식률이 너무 안좋은데 제것만 이런가요 ? ? ? ㅠㅠ 아이폰은 얼굴인식은 너무 느끼지도 못할정도로 스무스했는데 플립은 얼굴인식이 안될때가...
81,갤럭시 z플립 자급제 케이스 할인,2021.07.20.,갤럭시 z플립 자급제 케이스 할인 좋은 제품을 저렴하게 살수 있다면 누구나 마다하지 않을 정보인데 가격 비교라도 해보실수 있도록 간단하게 알려드리니 갤럭시 z플립 참고를 해보세요 ▶ 갤럭시 z플립 공식최저가...
82,갤럭시 z플립3 자급제 대신할 곳 찾았어요,7일 전,언박싱으로 플립3을! 좋다고 말해주니까 괜히 사전예약 잘 했다는 생각이..ㅋㅋ 가격하고는 개통하러 가면 정확히 알 것 같지만 보통 40만 원대로 개통하셨더라고요 갤럭시 z플립3 자급제 였으면 꿈도 못 꿀 가격이죠...
83,z플립 이부분 수리해보신분 계신가요?,2021.08.17.,제목에는 간략한 질문내용 표시 사용기종 : z플립 질문내용 : (구체적으로): 갑작이 빠져버렸네요 액정수리한지 2주 조금 넘었는데... 1번사진이 문제부분 2번사진이 정상사진
84,"갤럭시Z폴드3, 갤럭시Z플립3 품귀 현상 빚고 있네요",7일 전,삼성전자 갤럭시Z폴드3와 갤럭시Z플립3의 사전개통이 시작됐는데요 갤럭시Z플립3는 물량 부족으로 인해 배송이 지연되고 있다고 하네요 확실히 디자인 예쁘게 만드니까 준비된 물량이 금새 동나나 보네요
85,"Z플립3 전면정전기및 먼지붙음, 화면 덜 열림",4일 전,질문 대상 기기 ▶ Z플립3 블랙 질문 키워드 ▶ 화면 정전기 및 과도한 먼지 붙음 질문 내용 ▼ 개봉한지 2일차입니다. Z플립 기본필름입니다 Z플립 특성상 휴대폰을 반으로 접어서 주머니에 넣고 다니는데 이제 휴대폰을...
86,z플립3 투고 받아왔어용 ㅎㅎ,6일 전,"오늘 z플립 투고 픽업 다녀왔습니다,,, 사실 갈까말까 고민 하다가 3일이라도 써봐야 후회 안 할것 같아서... ㅠ 일단 저는 현재 12 프맥을 사용중이여서 플립이랑 비교해보고 싶었던게 카메라랑 배터리, 화면 비율, 스피커..."
87,z플립 고민중이에요,2021.08.03.,중인데 플립3 나올때까지 기다렸다 중고로 업어오는게 현명한 선택이겠죠? 아무래도 컨셉폰 같은 느낌이라 성능이 그렇게 뛰어나진 않을것 같은데 갤 s10 5g 랑 비교해서 답답하진 않을지도 궁금해요 + 전 맥이랑...
88,z플립 3 화이트,2021.08.22.,플립 리뷰영상보다가 꽂혀가지고 플립화이트를 구매하고싶은데요 지금 노트약정에 묶여있어서 자급제폰사다가 확정기변하고 노트는 정리하려고합니다. 근데 화이트색상은 삼성닷컴에서만 판매하는건가요? 시간은 좀...
89,Z플립,2일 전,"직접결제, Z플립, 판매를 위한 3개이상 글 등업도배 (활동제재대상) 1일 1개글 작성 (중복글 작성X) 대량(업자)판매 X 가짜상품판매 X 금액 필수 표시 O 해외, 도난물품 X 갤럭시Z플립판매합니다 상태는사진과동일합니다..."
